<?xml version="1.0" encoding="utf-8"?>
<ModMetaData>
	<name>Beat Your Prisoners</name>
	<author>Captain Muscles (Nathan Harbour)</author>
	<packageId>CaptainMuscles.BeatYourPrisoners</packageId>
	<url>https://github.com/CaptainMuscles/CM_Beat_Prisoners</url>
	<supportedVersions>
		<li>1.2</li>
    <li>1.3</li>
	</supportedVersions>
	<description>Beat Your Prisoners lets you... well, beat the hell out of your prisoners. You can use this to speed up recruitment time, or purely for amusement.</description>
	<modDependencies>
		<li>
			<packageId>brrainz.harmony</packageId>
			<displayName>Harmony</displayName>
			<steamWorkshopUrl>steam://url/CommunityFilePage/2009463077</steamWorkshopUrl>
			<downloadUrl>https://github.com/pardeike/HarmonyRimWorld/releases/latest</downloadUrl>
		</li>
	</modDependencies>

	<loadAfter>
		<li>Ludeon.RimWorld</li>
		<li>brrainz.harmony</li>
	</loadAfter>
</ModMetaData>